Initiative Record ID#,Initative Type,Marketing Projects Record ID#,Page Name,Website,Priority,Assigned To,Initiative CF Status,Content Lauch Date,CF Required Completion Date,CF Actual Start Date,Duration,CF Projected Completion Date,CF Actual Completion Date,Days Overdue,ULDs Req.,ULDs Total Sent to CF  (Queued),ULDs Total Sent to CF (Deficit) or Overage,Contacts Req. For EM,Links Req.,Contacts Total Harvested,Contacts Total Harvested (Deficit) Overage,# of Campaigns,Campaigns,Add Campaign,Contact Finding: History/Notes/Issues,Initiative Email Marketing Status,Email Marketing Projected Send Date,Email Marketing Actual Send Date (Start),Email Marketing Actual Send Date (Completion),Total # Email Sent,Sent Email (Deficit) Overage,Campaign - Total Projected Links From Email Sent,Total # of Links Built,Email Marketing: History/Notes/Issues,Total Projected Links Built To Date,Projected Conversion % - To Date,Actual Conversion %,Performance - Links Builts Vs. Projected to Date,Total ULD Built,Total Actual Contacts Harvested (Ref Only)
818,RMI,835,Alabama,OnlineColleges.net,Done - Seattle Override,Nam Phan <58705208.c6ap>,Complete,,,,7,,04-26-2016,,"2,666.6666666667",1731,-935.66666666667,"1,481.4814814815",10,"1,904",422.51851851852,4,818,https://donniedinh.quickbase.com/db/bkmbxb9k6?a=API_GenAddRecordForm&_fid_27=818&z=bgfb,,Complete,,02-09-2016,04-28-2016,3614,"2,132.5185185185",27.105,15,,26.265399,0.7267680962922%,0.41505257332595%,-11.265399,9,1904
819,RMI,836,Alaska,OnlineColleges.net,Done - Seattle Override,Nam Phan <58705208.c6ap>,Not Started,,,,7,,,,"2,666.6666666667",310,"-2,356.6666666667","1,481.4814814815",10,608,-873.48148148148,4,819,https://donniedinh.quickbase.com/db/bkmbxb9k6?a=API_GenAddRecordForm&_fid_27=819&z=bgfb,,In Progress,,02-23-2016,,891,-590.48148148148,6.6825,4,,6.4253895,0.7211436026936%,0.44893378226712%,-2.4253895,4,608
820,RMI,837,Arizona,OnlineColleges.net,Done - Seattle Override,Nam Phan <58705208.c6ap>,Complete,,,,7,,04-26-2016,,"2,666.6666666667",2164,-502.66666666667,"1,481.4814814815",10,"3,257","1,775.5185185185",4,820,https://donniedinh.quickbase.com/db/bkmbxb9k6?a=API_GenAddRecordForm&_fid_27=820&z=bgfb,,Complete,,02-09-2016,04-28-2016,5560,"4,078.5185185185",41.7,35,,40.48221,0.72809730215827%,0.6294964028777%,-5.48221,28,3257
821,RMI,838,Arkansas,OnlineColleges.net,Done - Seattle Override,Nam Phan <58705208.c6ap>,Not Started,,,,7,,,,"2,666.6666666667",786,"-1,880.6666666667","1,481.4814814815",10,"1,403",-78.481481481482,4,821,https://donniedinh.quickbase.com/db/bkmbxb9k6?a=API_GenAddRecordForm&_fid_27=821&z=bgfb,,Complete,,02-23-2016,04-28-2016,2145,663.51851851852,16.0875,29,,15.46194,0.72083636363636%,1.3519813519814%,13.53806,22,1403
822,RMI,839,California,OnlineColleges.net,Done - Seattle Override,Nam Phan <58705208.c6ap>,Complete,,,,7,,04-26-2016,,"20,000","10,467","-9,533","11,111.111111111",75,"12,993","1,881.8888888889",4,822,https://donniedinh.quickbase.com/db/bkmbxb9k6?a=API_GenAddRecordForm&_fid_27=822&z=bgfb,,Complete,,02-01-2016,04-28-2016,"23,054","11,942.888888889",172.905,93,,168.088488,0.72910769497701%,0.4034007113733%,-75.088488,71,"12,993"
823,RMI,840,Colorado,OnlineColleges.net,Done - Seattle Override,Nam Phan <58705208.c6ap>,Complete,,,,7,,04-26-2016,,"2,666.6666666667",1713,-953.66666666667,"1,481.4814814815",10,"2,189",707.51851851852,4,823,https://donniedinh.quickbase.com/db/bkmbxb9k6?a=API_GenAddRecordForm&_fid_27=823&z=bgfb,,Complete,,02-09-2016,04-28-2016,3819,"2,337.5185185185",28.6425,30,,27.797328,0.72786928515318%,0.78554595443833%,2.202672,24,2189
824,RMI,841,Connecticut,OnlineColleges.net,Done - Seattle Override,Nam Phan <58705208.c6ap>,Complete,,,,7,,04-26-2016,,"2,666.6666666667",947,"-1,719.6666666667","1,481.4814814815",10,"2,013",531.51851851852,4,824,https://donniedinh.quickbase.com/db/bkmbxb9k6?a=API_GenAddRecordForm&_fid_27=824&z=bgfb,,Complete,,02-23-2016,04-28-2016,2910,"1,428.5185185185",21.825,10,,20.9922075,0.72138170103093%,0.34364261168385%,-10.9922075,9,2013
825,RMI,842,Delaware,OnlineColleges.net,Done - Seattle Override,Nam Phan <58705208.c6ap>,Not Started,,,,7,,,,"2,666.6666666667",312,"-2,354.6666666667","1,481.4814814815",10,532,-949.48148148148,4,825,https://donniedinh.quickbase.com/db/bkmbxb9k6?a=API_GenAddRecordForm&_fid_27=825&z=bgfb,,In Progress,,02-23-2016,,803,-678.48148148148,6.0225,3,,5.797716,0.72200697384807%,0.373599003736%,-2.797716,2,532
826,RMI,843,Florida,OnlineColleges.net,Done - Seattle Override,Nam Phan <58705208.c6ap>,Complete,,,,7,,04-26-2016,,"6,933.3333333333",4761,"-2,172.3333333333","3,851.8518518519",26,"5,861","2,009.1481481481",4,826,https://donniedinh.quickbase.com/db/bkmbxb9k6?a=API_GenAddRecordForm&_fid_27=826&z=bgfb,,Complete,,02-01-2016,04-28-2016,"10,477","6,625.1481481481",78.5775,40,,76.375494,0.72898247589959%,0.38178867996564%,-36.375494,34,5861
827,RMI,844,Georgia,OnlineColleges.net,Done - Seattle Override,Nam Phan <58705208.c6ap>,Not Started,,,,7,,,,"8,000",2441,"-5,559","4,444.4444444444",30,"3,207","-1,237.4444444444",4,827,https://donniedinh.quickbase.com/db/bkmbxb9k6?a=API_GenAddRecordForm&_fid_27=827&z=bgfb,,Complete,,02-01-2016,04-28-2016,5497,"1,052.5555555556",41.2275,64,,40.108434,0.72964224122248%,1.164271420775%,23.891566,42,3207
828,RMI,845,Hawaii,OnlineColleges.net,Done - Seattle Override,Nam Phan <58705208.c6ap>,Not Started,,,,7,,,,"2,666.6666666667",316,"-2,350.6666666667","1,481.4814814815",10,595,-886.48148148148,4,828,https://donniedinh.quickbase.com/db/bkmbxb9k6?a=API_GenAddRecordForm&_fid_27=828&z=bgfb,,In Progress,,02-23-2016,,826,-655.48148148148,6.195,7,,5.9789595,0.72384497578692%,0.84745762711864%,1.0210405,5,595
829,RMI,846,Idaho,OnlineColleges.net,Done - Seattle Override,Nam Phan <58705208.c6ap>,Not Started,,,,7,,,,"2,666.6666666667",469,"-2,197.6666666667","1,481.4814814815",10,958,-523.48148148148,4,829,https://donniedinh.quickbase.com/db/bkmbxb9k6?a=API_GenAddRecordForm&_fid_27=829&z=bgfb,,Complete,,02-23-2016,05-03-2016,1397,-84.481481481482,10.4775,31,,10.089684,0.72223937007874%,2.219040801718%,20.910316,30,958
830,RMI,847,Illinois,OnlineColleges.net,Done - Seattle Override,Nam Phan <58705208.c6ap>,Complete,,,,7,,04-26-2016,,"2,666.6666666667",4603,"1,936.3333333333","1,481.4814814815",10,"6,019","4,537.5185185185",4,830,https://donniedinh.quickbase.com/db/bkmbxb9k6?a=API_GenAddRecordForm&_fid_27=830&z=bgfb,,Complete,,02-09-2016,05-03-2016,"10,491","9,009.5185185185",78.6825,34,,76.35402,0.72780497569345%,0.3240873129349%,-42.35402,30,6019
831,RMI,848,Indiana,OnlineColleges.net,Done - Seattle Override,,Not Started,,,,7,,,,"8,000",2554,"-5,446","4,444.4444444444",30,"3,432","-1,012.4444444444",4,831,https://donniedinh.quickbase.com/db/bkmbxb9k6?a=API_GenAddRecordForm&_fid_27=831&z=bgfb,,Complete,,02-01-2016,05-03-2016,5868,"1,423.5555555556",44.01,36,,42.805596,0.72947505112474%,0.61349693251534%,-6.805596,31,3432
832,RMI,849,Iowa,OnlineColleges.net,Done - Seattle Override,Nam Phan <58705208.c6ap>,Not Started,,,,7,,,,"7,733.3333333333",2106,"-5,627.3333333333","4,296.2962962963",29,"2,858","-1,438.2962962963",4,832,https://donniedinh.quickbase.com/db/bkmbxb9k6?a=API_GenAddRecordForm&_fid_27=832&z=bgfb,,Complete,,02-01-2016,05-03-2016,4863,566.7037037037,36.4725,24,,35.489586,0.72978790869833%,0.49352251696484%,-11.489586,17,2858
833,RMI,850,Kansas,OnlineColleges.net,Done - Seattle Override,Nam Phan <58705208.c6ap>,Complete,,,,7,,04-26-2016,,"2,666.6666666667",1163,"-1,503.6666666667","1,481.4814814815",10,"2,201",719.51851851852,4,833,https://donniedinh.quickbase.com/db/bkmbxb9k6?a=API_GenAddRecordForm&_fid_27=833&z=bgfb,,Complete,,02-23-2016,05-03-2016,3257,"1,775.5185185185",24.4275,34,,23.486604,0.72111157506908%,1.0439054344489%,10.513396,26,2201
834,RMI,851,Kentucky,OnlineColleges.net,Done - Seattle Override,Nam Phan <58705208.c6ap>,Not Started,,,,7,,,,"2,666.6666666667",816,"-1,850.6666666667","1,481.4814814815",10,"1,434",-47.481481481482,4,834,https://donniedinh.quickbase.com/db/bkmbxb9k6?a=API_GenAddRecordForm&_fid_27=834&z=bgfb,,Complete,,02-23-2016,05-03-2016,2209,727.51851851852,16.5675,2,,15.9126855,0.7203569714803%,0.090538705296514%,-13.9126855,2,1434
835,RMI,852,Louisiana,OnlineColleges.net,Done - Seattle Override,Nam Phan <58705208.c6ap>,Not Started,,,,7,,,,"2,666.6666666667",1173,"-1,493.6666666667","1,481.4814814815",10,"1,464",-17.481481481482,4,835,https://donniedinh.quickbase.com/db/bkmbxb9k6?a=API_GenAddRecordForm&_fid_27=835&z=bgfb,,Complete,,02-09-2016,05-03-2016,2618,"1,136.5185185185",19.635,8,,19.045068,0.72746631016043%,0.30557677616501%,-11.045068,6,1464
836,RMI,853,Maine,OnlineColleges.net,Done - Seattle Override,Nam Phan <58705208.c6ap>,Not Started,,,,7,,,,"2,666.6666666667",789,"-1,877.6666666667","1,481.4814814815",10,"1,432",-49.481481481482,4,836,https://donniedinh.quickbase.com/db/bkmbxb9k6?a=API_GenAddRecordForm&_fid_27=836&z=bgfb,,Complete,,02-23-2016,05-03-2016,2177,695.51851851852,16.3275,25,,15.733719,0.72272480477722%,1.1483693155719%,9.266281,17,1432
837,RMI,854,Maryland,OnlineColleges.net,Done - Seattle Override,Nam Phan <58705208.c6ap>,Complete,,,,7,,04-26-2016,,"2,666.6666666667",1613,"-1,053.6666666667","1,481.4814814815",10,"3,353","1,871.5185185185",4,837,https://donniedinh.quickbase.com/db/bkmbxb9k6?a=API_GenAddRecordForm&_fid_27=837&z=bgfb,,Complete,,02-23-2016,05-03-2016,4870,"3,388.5185185185",36.525,11,,35.1234525,0.72122079055441%,0.2258726899384%,-24.1234525,8,3353
838,RMI,855,Massachusetts,OnlineColleges.net,Done - Seattle Override,Nam Phan <58705208.c6ap>,Complete,,,,7,,04-26-2016,,"2,666.6666666667",2307,-359.66666666667,"1,481.4814814815",10,"3,225","1,743.5185185185",4,838,https://donniedinh.quickbase.com/db/bkmbxb9k6?a=API_GenAddRecordForm&_fid_27=838&z=bgfb,,Complete,,02-17-2016,05-03-2016,5489,"4,007.5185185185",41.1675,17,,39.77122125,0.72456223811259%,0.3097103297504%,-22.77122125,17,3225
839,RMI,856,Michigan,OnlineColleges.net,Done - Seattle Override,Nam Phan <58705208.c6ap>,Complete,,,,7,,04-26-2016,,"8,000",3987,"-4,013","4,444.4444444444",30,"5,220",775.55555555556,4,839,https://donniedinh.quickbase.com/db/bkmbxb9k6?a=API_GenAddRecordForm&_fid_27=839&z=bgfb,,Complete,,02-01-2016,05-03-2016,9020,"4,575.5555555556",67.65,70,,65.79594,0.72944501108647%,0.7760532150776%,4.20406,54,5220
840,RMI,857,Minnesota,OnlineColleges.net,Done - Seattle Override,Nam Phan <58705208.c6ap>,Complete,,,,7,,04-26-2016,,"2,666.6666666667",2176,-490.66666666667,"1,481.4814814815",10,"2,726","1,244.5185185185",4,840,https://donniedinh.quickbase.com/db/bkmbxb9k6?a=API_GenAddRecordForm&_fid_27=840&z=bgfb,,Complete,,02-17-2016,05-09-2016,4847,"3,365.5185185185",36.3525,24,,34.967856,0.7214329688467%,0.4951516401898%,-10.967856,21,2726
841,RMI,858,Mississippi,OnlineColleges.net,Done - Seattle Override,Nam Phan <58705208.c6ap>,Not Started,,,,7,,,,"2,666.6666666667",930,"-1,736.6666666667","1,481.4814814815",10,"1,227",-254.48148148148,4,841,https://donniedinh.quickbase.com/db/bkmbxb9k6?a=API_GenAddRecordForm&_fid_27=841&z=bgfb,,Complete,,02-17-2016,05-09-2016,2133,651.51851851852,15.9975,13,,15.39511875,0.72175896624473%,0.6094702297234%,-2.39511875,9,1227
842,RMI,859,Missouri,OnlineColleges.net,Done - Seattle Override,Nam Phan <58705208.c6ap>,Complete,,,,7,,04-26-2016,,"2,666.6666666667",1205,"-1,461.6666666667","1,481.4814814815",10,"2,530","1,048.5185185185",4,842,https://donniedinh.quickbase.com/db/bkmbxb9k6?a=API_GenAddRecordForm&_fid_27=842&z=bgfb,,Complete,,02-23-2016,05-09-2016,3688,"2,206.5185185185",27.66,19,,26.451051,0.71721938720174%,0.51518438177874%,-7.451051,15,2530
843,RMI,860,Montana,OnlineColleges.net,Done - Seattle Override,Nam Phan <58705208.c6ap>,Not Started,,,,7,,,,"2,666.6666666667",440,"-2,226.6666666667","1,481.4814814815",10,866,-615.48148148148,4,843,https://donniedinh.quickbase.com/db/bkmbxb9k6?a=API_GenAddRecordForm&_fid_27=843&z=bgfb,,In Progress,,02-23-2016,,1257,-224.48148148148,9.4275,3,,9.030879,0.71844701670644%,0.23866348448687%,-6.030879,2,866
844,RMI,861,Nebraska,OnlineColleges.net,Done - Seattle Override,Nam Phan <58705208.c6ap>,Not Started,,,,7,,,,"2,666.6666666667",578,"-2,088.6666666667","1,481.4814814815",10,"1,079",-402.48148148148,4,844,https://donniedinh.quickbase.com/db/bkmbxb9k6?a=API_GenAddRecordForm&_fid_27=844&z=bgfb,,Complete,,02-23-2016,05-09-2016,1621,139.51851851852,12.1575,13,,11.645007,0.71838414558914%,0.80197409006786%,1.354993,13,1079
845,RMI,862,Nevada,OnlineColleges.net,Done - Seattle Override,Nam Phan <58705208.c6ap>,Not Started,,,,7,,,,"2,666.6666666667",644,"-2,022.6666666667","1,481.4814814815",10,950,-531.48148148148,4,845,https://donniedinh.quickbase.com/db/bkmbxb9k6?a=API_GenAddRecordForm&_fid_27=845&z=bgfb,,Complete,,02-25-2016,05-09-2016,1551,69.518518518518,11.6325,19,,11.174229,0.72045319148936%,1.2250161186331%,7.825771,15,950
846,RMI,863,New Hampshire,OnlineColleges.net,Done - Seattle Override,Nam Phan <58705208.c6ap>,Not Started,,,,7,,,,"2,666.6666666667",583,"-2,083.6666666667","1,481.4814814815",10,"1,109",-372.48148148148,4,846,https://donniedinh.quickbase.com/db/bkmbxb9k6?a=API_GenAddRecordForm&_fid_27=846&z=bgfb,,Complete,,02-29-2016,05-09-2016,1641,159.51851851852,12.3075,9,,11.787798,0.71833016453382%,0.54844606946984%,-2.787798,9,1109
847,RMI,864,New Jersey,OnlineColleges.net,Done - Seattle Override,Nam Phan <58705208.c6ap>,Complete,,,,7,,04-26-2016,,"2,666.6666666667",1994,-672.66666666667,"1,481.4814814815",10,"2,479",997.51851851852,4,847,https://donniedinh.quickbase.com/db/bkmbxb9k6?a=API_GenAddRecordForm&_fid_27=847&z=bgfb,,Complete,,02-17-2016,05-09-2016,4342,"2,860.5185185185",32.565,16,,31.3345725,0.72166219484109%,0.36849378166743%,-15.3345725,15,2479
848,RMI,865,New Mexico,OnlineColleges.net,Done - Seattle Override,Nam Phan <58705208.c6ap>,Not Started,,,,7,,,,"2,666.6666666667",378,"-2,288.6666666667","1,481.4814814815",10,696,-785.48148148148,4,848,https://donniedinh.quickbase.com/db/bkmbxb9k6?a=API_GenAddRecordForm&_fid_27=848&z=bgfb,,In Progress,,02-29-2016,,1048,-433.48148148148,7.86,13,,7.53758775,0.71923547232824%,1.2404580152672%,5.46241225,9,696
849,RMI,866,New York,OnlineColleges.net,Done - Seattle Override,Nam Phan <58705208.c6ap>,Complete,,,,7,,04-26-2016,,"2,666.6666666667",4212,"1,545.3333333333","1,481.4814814815",10,"5,728","4,246.5185185185",4,849,https://donniedinh.quickbase.com/db/bkmbxb9k6?a=API_GenAddRecordForm&_fid_27=849&z=bgfb,,Complete,,02-17-2016,05-09-2016,9782,"8,300.5185185185",73.365,29,,70.62768075,0.72201677315477%,0.29646289102433%,-41.62768075,21,5728
850,RMI,867,North Carolina,OnlineColleges.net,Done - Seattle Override,Nam Phan <58705208.c6ap>,Not Started,,,,7,,,,"15,733.333333333",3518,"-12,215.333333333","8,740.7407407407",59,"4,727","-4,013.7407407407",4,850,https://donniedinh.quickbase.com/db/bkmbxb9k6?a=API_GenAddRecordForm&_fid_27=850&z=bgfb,,Complete,,02-03-2016,05-09-2016,8094,-646.74074074074,60.705,36,,58.855068,0.72714440326168%,0.44477390659748%,-22.855068,30,4727
851,RMI,868,North Dakota,OnlineColleges.net,Done - Seattle Override,Nam Phan <58705208.c6ap>,Not Started,,,,7,,,,"2,666.6666666667",660,"-2,006.6666666667","1,481.4814814815",10,996,-485.48148148148,4,851,https://donniedinh.quickbase.com/db/bkmbxb9k6?a=API_GenAddRecordForm&_fid_27=851&z=bgfb,,Complete,,02-29-2016,05-09-2016,1522,40.518518518518,11.415,1,,10.94622375,0.71919998357424%,0.065703022339028%,-9.94622375,1,996
852,RMI,869,Ohio,OnlineColleges.net,Done - Seattle Override,Nam Phan <58705208.c6ap>,Not Started,,,,7,,,,"18,666.666666667",5105,"-13,561.666666667","10,370.37037037",70,"6,304","-4,066.3703703704",4,852,https://donniedinh.quickbase.com/db/bkmbxb9k6?a=API_GenAddRecordForm&_fid_27=852&z=bgfb,,Complete,,02-03-2016,05-09-2016,"11,102",731.62962962963,83.265,64,,80.664924,0.72658011169159%,0.57647270762025%,-16.664924,57,6304
853,RMI,870,Oklahoma,OnlineColleges.net,Done - Seattle Override,Nam Phan <58705208.c6ap>,Complete,,,,7,,04-26-2016,,"2,666.6666666667",1206,"-1,460.6666666667","1,481.4814814815",10,"1,566",84.518518518518,4,853,https://donniedinh.quickbase.com/db/bkmbxb9k6?a=API_GenAddRecordForm&_fid_27=853&z=bgfb,,Complete,,02-17-2016,05-09-2016,2673,"1,191.5185185185",20.0475,19,,19.29953025,0.7220175925926%,0.71081182192293%,-0.29953025,15,1566
854,RMI,871,Oregon,OnlineColleges.net,Done - Seattle Override,Nam Phan <58705208.c6ap>,Complete,,,,7,,04-26-2016,,"2,666.6666666667",880,"-1,786.6666666667","1,481.4814814815",10,"1,629",147.51851851852,4,854,https://donniedinh.quickbase.com/db/bkmbxb9k6?a=API_GenAddRecordForm&_fid_27=854&z=bgfb,,Complete,,02-29-2016,05-09-2016,2346,864.51851851852,17.595,19,,16.8799125,0.71951886189258%,0.80988917306053%,2.1200875,14,1629
855,RMI,872,Pennsylvania,OnlineColleges.net,Done - Seattle Override,Nam Phan <58705208.c6ap>,Not Started,,,,7,,,,"11,733.333333333",2403,"-9,330.3333333333","6,518.5185185185",44,"3,192","-3,326.5185185185",4,855,https://donniedinh.quickbase.com/db/bkmbxb9k6?a=API_GenAddRecordForm&_fid_27=855&z=bgfb,,In Progress,,02-01-2016,,5549,-969.51851851852,41.6175,27,,40.333278,0.72685669489998%,0.48657415750586%,-13.333278,27,3192
856,RMI,873,Rhode Island,OnlineColleges.net,Done - Seattle Override,Nam Phan <58705208.c6ap>,Not Started,,,,7,,,,"2,666.6666666667",210,"-2,456.6666666667","1,481.4814814815",10,400,"-1,081.4814814815",4,856,https://donniedinh.quickbase.com/db/bkmbxb9k6?a=API_GenAddRecordForm&_fid_27=856&z=bgfb,,In Progress,,02-29-2016,,591,-890.48148148148,4.4325,2,,4.2497235,0.7190733502538%,0.33840947546531%,-2.2497235,1,400
857,RMI,874,South Carolina,OnlineColleges.net,Done - Seattle Override,Nam Phan <58705208.c6ap>,Not Started,,,,7,,,,"2,666.6666666667",991,"-1,675.6666666667","1,481.4814814815",10,"1,361",-120.48148148148,4,857,https://donniedinh.quickbase.com/db/bkmbxb9k6?a=API_GenAddRecordForm&_fid_27=857&z=bgfb,,Complete,,02-17-2016,05-09-2016,2323,841.51851851852,17.4225,22,,16.77338025,0.72205683383556%,0.94705122686182%,5.22661975,18,1361
858,RMI,875,South Dakota,OnlineColleges.net,Done - Seattle Override,Nam Phan <58705208.c6ap>,Not Started,,,,7,,,,"2,666.6666666667",470,"-2,196.6666666667","1,481.4814814815",10,857,-624.48148148148,4,858,https://donniedinh.quickbase.com/db/bkmbxb9k6?a=API_GenAddRecordForm&_fid_27=858&z=bgfb,,In Progress,,02-29-2016,,1295,-186.48148148148,9.7125,4,,9.30630525,0.7186336100386%,0.3088803088803%,-5.30630525,4,857
859,RMI,876,Tennessee,OnlineColleges.net,Done - Seattle Override,Nam Phan <58705208.c6ap>,Complete,,,,7,,04-26-2016,,"2,666.6666666667",1735,-931.66666666667,"1,481.4814814815",10,"2,198",716.51851851852,4,859,https://donniedinh.quickbase.com/db/bkmbxb9k6?a=API_GenAddRecordForm&_fid_27=859&z=bgfb,,Complete,,02-29-2016,05-09-2016,3857,"2,375.5185185185",28.9275,19,,27.6884025,0.71787406015038%,0.49261083743842%,-8.6884025,17,2198
860,RMI,877,Texas,OnlineColleges.net,Done - Seattle Override,Nam Phan <58705208.c6ap>,In Progress,,,04-12-2016,7,04-21-2016,,,"33,333.333333333",6360,"-26,973.333333333","18,518.518518519",125,"13,451","-5,067.5185185185",5,860,https://donniedinh.quickbase.com/db/bkmbxb9k6?a=API_GenAddRecordForm&_fid_27=860&z=bgfb,,Complete,,02-03-2016,05-09-2016,"18,897",378.48148148148,141.7275,102,,137.106819,0.7255480711224%,0.53976821717733%,-35.106819,78,"13,451"
861,RMI,878,Utah,OnlineColleges.net,Done - Seattle Override,Nam Phan <58705208.c6ap>,Not Started,,,,7,,,,"2,666.6666666667",344,"-2,322.6666666667","1,481.4814814815",10,644,-837.48148148148,4,861,https://donniedinh.quickbase.com/db/bkmbxb9k6?a=API_GenAddRecordForm&_fid_27=861&z=bgfb,,In Progress,,02-29-2016,,965,-516.48148148148,7.2375,7,,6.93182325,0.71832365284974%,0.72538860103627%,0.06817675000000,6,644
862,RMI,879,Vermont,OnlineColleges.net,Done - Seattle Override,Nam Phan <58705208.c6ap>,Not Started,,,,7,,,,"2,666.6666666667",498,"-2,168.6666666667","1,481.4814814815",10,808,-673.48148148148,4,862,https://donniedinh.quickbase.com/db/bkmbxb9k6?a=API_GenAddRecordForm&_fid_27=862&z=bgfb,,In Progress,,03-01-2016,,1163,-318.48148148148,8.7225,2,,8.3791455,0.7204768271711%,0.1719690455718%,-6.3791455,2,808
863,RMI,880,Virginia,OnlineColleges.net,Done - Seattle Override,Nam Phan <58705208.c6ap>,Complete,,,,7,,04-26-2016,,"2,666.6666666667",2138,-528.66666666667,"1,481.4814814815",10,"2,641","1,159.5185185185",4,863,https://donniedinh.quickbase.com/db/bkmbxb9k6?a=API_GenAddRecordForm&_fid_27=863&z=bgfb,,Complete,,02-17-2016,05-09-2016,4608,"3,126.5185185185",34.56,37,,33.25526325,0.72168540039062%,0.80295138888889%,3.74473675,28,2641
864,RMI,881,Washington State,OnlineColleges.net,Done - Seattle Override,Nam Phan <58705208.c6ap>,Complete,,,,7,,04-26-2016,,"2,666.6666666667",973,"-1,693.6666666667","1,481.4814814815",10,"1,715",233.51851851852,4,864,https://donniedinh.quickbase.com/db/bkmbxb9k6?a=API_GenAddRecordForm&_fid_27=864&z=bgfb,,Complete,,03-01-2016,05-09-2016,2546,"1,064.5185185185",19.095,20,,18.31504125,0.71936532796544%,0.78554595443833%,1.68495875,17,1715
865,RMI,882,West Virginia,OnlineColleges.net,Done - Seattle Override,Nam Phan <58705208.c6ap>,Not Started,,,,7,,,,"2,666.6666666667",253,"-2,413.6666666667","1,481.4814814815",10,487,-994.48148148148,4,865,https://donniedinh.quickbase.com/db/bkmbxb9k6?a=API_GenAddRecordForm&_fid_27=865&z=bgfb,,In Progress,,03-01-2016,,713,-768.48148148148,5.3475,2,,5.1275565,0.71915238429173%,0.2805049088359%,-3.1275565,2,487
866,RMI,883,Wisconsin,OnlineColleges.net,Done - Seattle Override,Nam Phan <58705208.c6ap>,Complete,,,,7,,04-26-2016,,"2,666.6666666667",1105,"-1,561.6666666667","1,481.4814814815",10,"2,249",767.51851851852,4,866,https://donniedinh.quickbase.com/db/bkmbxb9k6?a=API_GenAddRecordForm&_fid_27=866&z=bgfb,,Complete,,03-01-2016,05-09-2016,3223,"1,741.5185185185",24.1725,21,,23.139798,0.71795836177474%,0.65156686317096%,-2.139798,16,2249
867,RMI,884,Wyoming,OnlineColleges.net,Done - Seattle Override,Nam Phan <58705208.c6ap>,Not Started,,,,7,,,,"2,666.6666666667",276,"-2,390.6666666667","1,481.4814814815",10,492,-989.48148148148,4,867,https://donniedinh.quickbase.com/db/bkmbxb9k6?a=API_GenAddRecordForm&_fid_27=867&z=bgfb,,In Progress,,03-01-2016,,746,-735.48148148148,5.595,5,,5.365866,0.71928498659517%,0.67024128686327%,-0.365866,4,492
870,RMI,887,OS-Online-Schools,OnlineSchools.org,Done - Seattle Override,Michellen Meneses <58825601.fjbv>,Complete,03-29-2016,,04-04-2016,7,04-13-2016,05-04-2016,,"8,000","38,384","30,384","4,444.4444444444",20,"7,121","2,676.5555555556",6,870,https://donniedinh.quickbase.com/db/bkmbxb9k6?a=API_GenAddRecordForm&_fid_27=870&z=bgfb,,In Progress,,04-06-2016,,2681,"-1,763.4444444444",13.405,10,,12.867172,0.4799392763894%,0.37299515106304%,-2.867172,10,7121
871,RMI,888,OS-Elementary-School,OnlineSchools.org,Done - Seattle Override,Michellen Meneses <58825601.fjbv>,Complete,03-29-2016,,04-04-2016,7,04-13-2016,05-06-2016,,"4,000","20,064","16,064","2,222.2222222222",10,"4,802","2,579.7777777778",6,871,https://donniedinh.quickbase.com/db/bkmbxb9k6?a=API_GenAddRecordForm&_fid_27=871&z=bgfb,,Complete,,04-06-2016,04-19-2016,4414,"2,191.7777777778",22.07,14,,21.123532,0.478557589488%,0.31717263253285%,-7.123532,8,4802
872,RMI,889,OS-Middle-School,OnlineSchools.org,Done - Seattle Override,Michellen Meneses <58825601.fjbv>,Complete,03-29-2016,,04-07-2016,7,04-18-2016,05-07-2016,,"6,000","20,599","14,599","3,333.3333333333",15,"4,138",804.66666666667,3,872,https://donniedinh.quickbase.com/db/bkmbxb9k6?a=API_GenAddRecordForm&_fid_27=872&z=bgfb,,In Progress,,04-20-2016,,1175,"-2,158.3333333333",5.875,0,,5.591825,0.4759%,0%,-5.591825,0,4138
873,RMI,890,OS-High-School,OnlineSchools.org,Done - Seattle Override,Michellen Meneses <58825601.fjbv>,Complete,03-29-2016,,04-04-2016,7,04-13-2016,05-07-2016,,"10,000","26,008","16,008","5,555.5555555556",25,"5,617",61.444444444444,7,873,https://donniedinh.quickbase.com/db/bkmbxb9k6?a=API_GenAddRecordForm&_fid_27=873&z=bgfb,,In Progress,,04-20-2016,,2977,"-2,578.5555555556",14.885,36,,14.167543,0.4759%,1.2092710782667%,21.832457,19,5617
874,RMI,891,OS-Financial-Aid-Minority,OnlineSchools.org,Done - Seattle Override,Michellen Meneses <58825601.fjbv>,Complete,03-29-2016,,04-08-2016,7,04-19-2016,05-09-2016,,"6,000","35,702","29,702","3,333.3333333333",15,"3,896",562.66666666667,7,874,https://donniedinh.quickbase.com/db/bkmbxb9k6?a=API_GenAddRecordForm&_fid_27=874&z=bgfb,,In Progress,,04-20-2016,,1180,"-2,153.3333333333",5.9,82,,5.61562,0.4759%,6.9491525423729%,76.38438,51,3896
875,RMI,892,OS-Graduate,OnlineSchools.org,Done - Seattle Override,Michellen Meneses <58825601.fjbv>,Complete,03-29-2016,,04-09-2016,7,04-20-2016,05-02-2016,,0,"151,226","151,226",0,0,"9,001","9,001",20,875,https://donniedinh.quickbase.com/db/bkmbxb9k6?a=API_GenAddRecordForm&_fid_27=875&z=bgfb,,Not Started,,,,0,0,0,0,,0,,,0,0,9001
876,RMI,893,OS-Financial-Aid,OnlineSchools.org,Done - Seattle Override,Michellen Meneses <58825601.fjbv>,Complete,03-29-2016,,04-19-2016,7,04-28-2016,04-19-2016,,"6,000",0,"-6,000","3,333.3333333333",15,"9,496","6,162.6666666667",1,876,https://donniedinh.quickbase.com/db/bkmbxb9k6?a=API_GenAddRecordForm&_fid_27=876&z=bgfb,,Complete,,04-20-2016,04-20-2016,6051,"2,717.6666666667",30.255,78,,28.796709,0.4759%,1.2890431333664%,49.203291,52,9496
877,RMI,894,OS-College,OnlineSchools.org,Done - Seattle Override,Michellen Meneses <58825601.fjbv>,Complete,03-29-2016,,04-12-2016,7,04-21-2016,04-12-2016,,0,8495,"8,495",0,0,"2,423","2,423",2,877,https://donniedinh.quickbase.com/db/bkmbxb9k6?a=API_GenAddRecordForm&_fid_27=877&z=bgfb,,Not Started,,,,0,0,0,0,,0,,,0,0,2423
878,RMI,895,OS-Financial-Aid-Disability,OnlineSchools.org,Done - Seattle Override,Michellen Meneses <58825601.fjbv>,Complete,03-29-2016,,04-12-2016,7,04-21-2016,04-12-2016,,"6,000",0,"-6,000","3,333.3333333333",15,"3,945",611.66666666667,1,878,https://donniedinh.quickbase.com/db/bkmbxb9k6?a=API_GenAddRecordForm&_fid_27=878&z=bgfb,,In Progress,,04-12-2016,,1783,"-1,550.3333333333",8.915,42,,8.545919,0.4793%,2.3555804823331%,33.454081,27,3945
879,RMI,896,OS-Financial-Aid-Military,OnlineSchools.org,Done - Seattle Override,Michellen Meneses <58825601.fjbv>,Complete,03-29-2016,,04-12-2016,7,04-21-2016,04-19-2016,,"6,000",0,"-6,000","3,333.3333333333",15,"7,194","3,860.6666666667",2,879,https://donniedinh.quickbase.com/db/bkmbxb9k6?a=API_GenAddRecordForm&_fid_27=879&z=bgfb,,Complete,,04-13-2016,04-19-2016,6881,"3,547.6666666667",34.405,55,,32.934325,0.47862701642203%,0.79930242697282%,22.065675,37,7194
880,RMI,897,AOC-Accredited-Online-Colleges,AccreditedOnlineColleges.org,Done - Seattle Override,Michellen Meneses <58825601.fjbv>,Complete,03-29-2016,,04-13-2016,7,04-22-2016,05-06-2016,,0,"143,563","143,563",0,0,"16,656","16,656",11,880,https://donniedinh.quickbase.com/db/bkmbxb9k6?a=API_GenAddRecordForm&_fid_27=880&z=bgfb,,Not Started,,,,0,0,0,0,,0,,,0,0,"16,656"
881,RMI,898,AOC-Accredited-Online-Colleges-And-Disability-Education,AccreditedOnlineColleges.org,Done - Seattle Override,Michellen Meneses <58825601.fjbv>,In Progress,03-29-2016,,04-20-2016,7,04-29-2016,,,"24,000",0,"-24,000","13,333.333333333",60,"8,579","-4,754.3333333333",1,881,https://donniedinh.quickbase.com/db/bkmbxb9k6?a=API_GenAddRecordForm&_fid_27=881&z=bgfb,,In Progress,,04-21-2016,,5936,"-7,397.3333333333",29.68,52,,28.213808,0.4753%,0.87601078167116%,23.786192,49,8579
882,RMI,899,AOC-Veteran-Continuing-Ed,AccreditedOnlineColleges.org,Done - Seattle Override,Michellen Meneses <58825601.fjbv>,Not Started,03-29-2016,,,7,,,,0,,0,0,0,0,0,0,882,https://donniedinh.quickbase.com/db/bkmbxb9k6?a=API_GenAddRecordForm&_fid_27=882&z=bgfb,,Not Started,,,,,0,,,,,,,,,
883,RMI,900,AOC-Degree-Programs,AccreditedOnlineColleges.org,Done - Seattle Override,Michellen Meneses <58825601.fjbv>,Complete,03-29-2016,,04-19-2016,7,04-28-2016,05-05-2016,,0,"68,748","68,748",0,0,"6,949","6,949",9,883,https://donniedinh.quickbase.com/db/bkmbxb9k6?a=API_GenAddRecordForm&_fid_27=883&z=bgfb,,Not Started,,,,0,0,0,0,,0,,,0,0,6949
884,RMI,901,AOC-Online-Colleges-That-Offer-Laptops-For-Students,AccreditedOnlineColleges.org,Done - Seattle Override,Michellen Meneses <58825601.fjbv>,Complete,03-29-2016,,04-27-2016,7,05-06-2016,05-05-2016,,0,"35,243","35,243",0,0,"4,484","4,484",6,884,https://donniedinh.quickbase.com/db/bkmbxb9k6?a=API_GenAddRecordForm&_fid_27=884&z=bgfb,,Not Started,,,,0,0,0,0,,0,,,0,0,4484
885,RMI,902,AOC-Fafsa-Guide,AccreditedOnlineColleges.org,Done - Seattle Override,Michellen Meneses <58825601.fjbv>,Not Started,03-29-2016,,,7,,,,0,,0,0,0,0,0,0,885,https://donniedinh.quickbase.com/db/bkmbxb9k6?a=API_GenAddRecordForm&_fid_27=885&z=bgfb,,Not Started,,,,,0,,,,,,,,,
900,RMI,917,BC Top Online Schools,BestColleges.com,High,DONNIE DINH <58705085.b9qm>,Complete,05-17-2016,,05-17-2016,7,05-26-2016,11-30-2016,,"188,000",0,"-188,000","104,444.44444444",188,"185,646","81,201.555555556",5,900,https://donniedinh.quickbase.com/db/bkmbxb9k6?a=API_GenAddRecordForm&_fid_27=900&z=bgfb,,Complete,,05-26-2016,11-30-2016,"146,196","41,751.555555556",292.392,589,,224.865399,0.15381091069523%,0.40288379983036%,364.134601,261,"185,646"
901,RMI,918,California Additional,OnlineColleges.net,High,Michellen Meneses <58825601.fjbv>,Complete,06-08-2016,06-03-2016,05-30-2016,,05-30-2016,10-04-2016,,"24,800","214,554","189,754","13,777.777777778",31,"16,099","2,321.2222222222",26,901,https://donniedinh.quickbase.com/db/bkmbxb9k6?a=API_GenAddRecordForm&_fid_27=901&z=bgfb,,In Progress,06-09-2016,06-09-2016,,"12,330","-1,447.7777777778",30.825,20,,25.83671425,0.20954350567721%,0.16220600162206%,-5.83671425,13,"16,099"
902,RMI,919,Florida Additional,OnlineColleges.net,High,Michellen Meneses <58825601.fjbv>,Complete,06-08-2016,06-03-2016,06-02-2016,,06-02-2016,10-04-2016,,"12,800","95,115","82,315","7,111.1111111111",16,"7,942",830.88888888889,18,902,https://donniedinh.quickbase.com/db/bkmbxb9k6?a=API_GenAddRecordForm&_fid_27=902&z=bgfb,,Complete,06-09-2016,06-09-2016,10-05-2016,6821,-290.11111111111,17.0525,21,,14.32737425,0.2100480024923%,0.30787274593168%,6.67262575,15,7942
903,RMI,920,Online College HP,OnlineColleges.net,High,Michellen Meneses <58825601.fjbv>,Complete,06-08-2016,07-01-2016,06-17-2016,,06-17-2016,10-04-2016,,"30,133.333333333","769,729","739,595.66666667","16,740.74074074",113,"20,311","3,570.2592592593",56,903,https://donniedinh.quickbase.com/db/bkmbxb9k6?a=API_GenAddRecordForm&_fid_27=903&z=bgfb,,Complete,06-10-2016,07-07-2016,10-05-2016,"21,363","4,622.2592592593",160.2225,54,,122.60894925,0.57393132635866%,0.25277348686982%,-68.60894925,38,"20,311"
904,RMI,921,New York Additional,OnlineColleges.net,High,Michellen Meneses <58825601.fjbv>,Complete,06-08-2016,06-10-2016,06-03-2016,,06-03-2016,10-04-2016,,"4,800","153,630","148,830","2,666.6666666667",6,"3,563",896.33333333333,19,904,https://donniedinh.quickbase.com/db/bkmbxb9k6?a=API_GenAddRecordForm&_fid_27=904&z=bgfb,,Complete,06-10-2016,07-07-2016,10-05-2016,2881,214.33333333333,7.2025,15,,5.165215,0.1792854911489%,0.5206525511975%,9.834785,8,3563
905,RMI,922,Ohio Additional,OnlineColleges.net,High,Michellen Meneses <58825601.fjbv>,Complete,06-08-2016,06-10-2016,06-08-2016,,06-08-2016,07-07-2016,,"2,400","73,565","71,165","1,333.3333333333",3,"2,004",670.66666666667,15,905,https://donniedinh.quickbase.com/db/bkmbxb9k6?a=API_GenAddRecordForm&_fid_27=905&z=bgfb,,In Progress,06-17-2016,07-07-2016,,663,-670.33333333333,1.6575,21,,1.403571,0.2117%,3.1674208144796%,19.596429,13,2004
906,RMI,923,Texas Additional,OnlineColleges.net,High,Michellen Meneses <58825601.fjbv>,Complete,06-08-2016,06-10-2016,06-08-2016,,06-08-2016,10-04-2016,,"6,400","159,606","153,206","3,555.5555555556",8,"4,538",982.44444444444,24,906,https://donniedinh.quickbase.com/db/bkmbxb9k6?a=API_GenAddRecordForm&_fid_27=906&z=bgfb,,Complete,06-17-2016,07-07-2016,10-05-2016,3552,-3.5555555555557,8.88,22,,6.22023125,0.17511912302928%,0.61936936936937%,15.77976875,14,4538
907,RMI,924,BC-Top-Online-Accounting-Programs,BestColleges.com,High,Michellen Meneses <58825601.fjbv>,Complete,06-08-2016,06-17-2016,07-07-2016,,07-07-2016,08-17-2016,,"15,200","18,774","3,574","8,444.4444444444",19,"9,675","1,230.5555555556",4,907,https://donniedinh.quickbase.com/db/bkmbxb9k6?a=API_GenAddRecordForm&_fid_27=907&z=bgfb,,Complete,06-17-2016,07-13-2016,08-18-2016,8466,21.555555555557,21.165,5,,17.555566,0.20736553271911%,0.059059768485708%,-12.555566,5,9675
908,RMI,925,BC-Best-Online-Rn-To-Bsn-Programs,BestColleges.com,High,Michellen Meneses <58825601.fjbv>,Complete,06-08-2016,06-17-2016,07-12-2016,,07-12-2016,10-13-2016,,"17,600","29,033","11,433","9,777.7777777778",22,"11,169","1,391.2222222222",5,908,https://donniedinh.quickbase.com/db/bkmbxb9k6?a=API_GenAddRecordForm&_fid_27=908&z=bgfb,,In Progress,06-17-2016,07-13-2016,,7645,"-2,132.7777777778",19.1125,27,,15.89686775,0.2079381000654%,0.35317200784827%,11.10313225,17,"11,169"
909,RMI,926,BC-Best-Online-Bsn-Programs,BestColleges.com,High,Michellen Meneses <58825601.fjbv>,Complete,06-08-2016,06-17-2016,07-12-2016,,07-12-2016,10-13-2016,,"17,600","49,812","32,212","9,777.7777777778",22,"10,676",898.22222222222,8,909,https://donniedinh.quickbase.com/db/bkmbxb9k6?a=API_GenAddRecordForm&_fid_27=909&z=bgfb,,In Progress,06-24-2016,07-13-2016,,7312,"-2,465.7777777778",18.28,18,,15.4249235,0.21095354896061%,0.24617067833698%,2.5750765,16,"10,676"
910,RMI,927,BC-Top-Online-Master-Of-Science-In-Nursing-Programs,BestColleges.com,High,Michellen Meneses <58825601.fjbv>,Complete,06-08-2016,06-17-2016,07-19-2016,,07-19-2016,10-13-2016,,"7,200","109,861","102,661","4,000",9,"6,820","2,820",13,910,https://donniedinh.quickbase.com/db/bkmbxb9k6?a=API_GenAddRecordForm&_fid_27=910&z=bgfb,,In Progress,06-24-2016,07-20-2016,,1892,"-2,108",4.73,4,,3.29852525,0.17434065803383%,0.21141649048626%,0.70147475,3,6820
911,RMI,928,BC-Top-Online-Associate-Medical-Assisting-Programs,BestColleges.com,High,Michellen Meneses <58825601.fjbv>,Complete,06-08-2016,,07-19-2016,,07-19-2016,10-13-2016,,"11,200","213,986","202,786","6,222.2222222222",14,"11,888","5,665.7777777778",10,911,https://donniedinh.quickbase.com/db/bkmbxb9k6?a=API_GenAddRecordForm&_fid_27=911&z=bgfb,,Complete,06-24-2016,07-20-2016,10-14-2016,6558,335.77777777778,16.395,7,,12.5650925,0.19159945867643%,0.10673985971333%,-5.5650925,7,"11,888"
912,RMI,929,BC-Top-Online-Masters-Public-Health-Programs,BestColleges.com,High,Michellen Meneses <58825601.fjbv>,Complete,06-08-2016,,07-19-2016,,07-19-2016,10-13-2016,,"15,200","210,879","195,679","8,444.4444444444",19,"10,234","1,789.5555555556",15,912,https://donniedinh.quickbase.com/db/bkmbxb9k6?a=API_GenAddRecordForm&_fid_27=912&z=bgfb,,In Progress,07-01-2016,07-20-2016,,5859,"-2,585.4444444444",14.6475,13,,10.9015495,0.18606501962792%,0.22188086704216%,2.0984505,13,"10,234"
913,RMI,930,BC-Best-Online-Masters-In-Health-Informatics-Programs,BestColleges.com,High,Michellen Meneses <58825601.fjbv>,Complete,06-08-2016,,07-19-2016,,07-19-2016,10-19-2016,,"3,200","27,142","23,942","1,777.7777777778",4,"2,173",395.22222222222,5,913,https://donniedinh.quickbase.com/db/bkmbxb9k6?a=API_GenAddRecordForm&_fid_27=913&z=bgfb,,In Progress,07-01-2016,07-20-2016,,1432,-345.77777777778,3.58,6,,2.62429725,0.18326098114525%,0.41899441340782%,3.37570275,5,2173
914,RMI,931,BC-Top-Online-Masters-Healthcare-Administration-Programs,BestColleges.com,High,Michellen Meneses <58825601.fjbv>,Complete,06-08-2016,,07-19-2016,,07-19-2016,10-13-2016,,"6,400","60,823","54,423","3,555.5555555556",8,"4,675","1,119.4444444444",6,914,https://donniedinh.quickbase.com/db/bkmbxb9k6?a=API_GenAddRecordForm&_fid_27=914&z=bgfb,,In Progress,07-01-2016,07-20-2016,,3178,-377.55555555556,7.945,2,,5.72424775,0.1801210745752%,0.062932662051605%,-3.72424775,2,4675
915,RMI,932,BC-Best-Online-Masters-Engineering-Programs,BestColleges.com,High,Michellen Meneses <58825601.fjbv>,Complete,06-08-2016,06-17-2016,06-17-2016,,06-17-2016,08-03-2016,,"3,200","26,346","23,146","1,777.7777777778",4,"2,633",855.22222222222,7,915,https://donniedinh.quickbase.com/db/bkmbxb9k6?a=API_GenAddRecordForm&_fid_27=915&z=bgfb,,In Progress,07-01-2016,08-04-2016,,1446,-331.77777777778,3.615,6,,2.8750095,0.198825%,0.4149377593361%,3.1249905,6,2633
916,RMI,933,BC-Best-Online-Programs-Masters-In-Educational-Administration,BestColleges.com,High,Michellen Meneses <58825601.fjbv>,Complete,06-08-2016,06-17-2016,06-20-2016,,06-20-2016,10-01-2016,,"3,200","46,032","42,832","1,777.7777777778",4,"2,400",622.22222222222,9,916,https://donniedinh.quickbase.com/db/bkmbxb9k6?a=API_GenAddRecordForm&_fid_27=916&z=bgfb,,In Progress,07-01-2016,08-04-2016,,1173,-604.77777777778,2.9325,0,,2.33221725,0.198825%,0%,-2.33221725,0,2400
917,RMI,934,BC-Top-Online-Mba-Programs,BestColleges.com,High,Michellen Meneses <58825601.fjbv>,Complete,06-08-2016,,07-25-2016,,07-25-2016,10-19-2016,,"45,600","438,979","393,379","25,333.333333333",57,"28,921","3,587.6666666667",43,917,https://donniedinh.quickbase.com/db/bkmbxb9k6?a=API_GenAddRecordForm&_fid_27=917&z=bgfb,,In Progress,07-08-2016,07-26-2016,,"20,538","-4,795.3333333333",51.345,18,,37.94816925,0.18477051928133%,0.087642418930762%,-19.94816925,18,"28,921"
918,RMI,935,BC-Best-Online-Masters-Psychology-Programs,BestColleges.com,High,Michellen Meneses <58825601.fjbv>,Complete,06-08-2016,,08-03-2016,,08-03-2016,08-03-2016,,"26,400",0,"-26,400","14,666.666666667",33,"17,261","2,594.3333333333",1,918,https://donniedinh.quickbase.com/db/bkmbxb9k6?a=API_GenAddRecordForm&_fid_27=918&z=bgfb,,Complete,07-15-2016,08-04-2016,08-04-2016,"13,516","-1,150.6666666667",33.79,28,,26.873187,0.198825%,0.20716188221367%,1.126813,22,"17,261"
919,RMI,936,BC-Top-Online-Criminal-Justice-Programs,BestColleges.com,High,Michellen Meneses <58825601.fjbv>,Complete,06-08-2016,,08-03-2016,,08-03-2016,08-10-2016,,"7,200",0,"-7,200","4,000",9,"5,479","1,479",2,919,https://donniedinh.quickbase.com/db/bkmbxb9k6?a=API_GenAddRecordForm&_fid_27=919&z=bgfb,,Complete,07-15-2016,08-04-2016,08-10-2016,4033,33,10.0825,6,,8.01861225,0.198825%,0.14877262583685%,-2.01861225,6,5479
920,RMI,937,BC-Best-Online-Masters-Criminal-Justice-Programs,BestColleges.com,High,Michellen Meneses <58825601.fjbv>,Complete,06-08-2016,,08-09-2016,,08-09-2016,08-09-2016,,"3,200",0,"-3,200","1,777.7777777778",4,"2,701",923.22222222222,2,920,https://donniedinh.quickbase.com/db/bkmbxb9k6?a=API_GenAddRecordForm&_fid_27=920&z=bgfb,,Complete,07-15-2016,08-10-2016,08-10-2016,2136,358.22222222222,5.34,1,,4.246902,0.198825%,0.04681647940075%,-3.246902,1,2701
921,RMI,938,BC-Top-Online-Medical-Billing-Coding-Programs,BestColleges.com,High,Michellen Meneses <58825601.fjbv>,Complete,06-08-2016,,08-10-2016,,08-10-2016,10-26-2016,,"16,800","205,499","188,699","9,333.3333333333",21,"12,641","3,307.6666666667",20,921,https://donniedinh.quickbase.com/db/bkmbxb9k6?a=API_GenAddRecordForm&_fid_27=921&z=bgfb,,In Progress,07-22-2016,08-10-2016,,7654,"-1,679.3333333333",19.135,5,,12.93008725,0.1689324176901%,0.065325320094068%,-7.93008725,4,"12,641"
922,RMI,939,BC-Best-Online-Masters-Education-Programs,BestColleges.com,High,Michellen Meneses <58825601.fjbv>,Complete,06-08-2016,06-17-2016,07-25-2016,,07-25-2016,10-25-2016,,"23,200","456,718","433,518","12,888.888888889",29,"17,411","4,522.1111111111",52,922,https://donniedinh.quickbase.com/db/bkmbxb9k6?a=API_GenAddRecordForm&_fid_27=922&z=bgfb,,Complete,07-22-2016,08-10-2016,10-27-2016,"11,767","-1,121.8888888889",29.4175,29,,18.75036,0.15934698733747%,0.24645194187134%,10.24964,22,"17,411"
923,RMI,940,BC-Top-Masters-In-Early-Childhood-Education-Online-Programs,BestColleges.com,High,Michellen Meneses <58825601.fjbv>,In Progress,06-08-2016,06-17-2016,10-06-2016,,10-06-2016,,,800,8196,"7,396",444.44444444444,1,361,-83.444444444444,1,923,https://donniedinh.quickbase.com/db/bkmbxb9k6?a=API_GenAddRecordForm&_fid_27=923&z=bgfb,,Not Started,07-29-2016,,,0,-444.44444444444,0,0,,0,,,0,0,361
924,RMI,941,BC-Best-Online-Bachelors-Early-Childhood-Education,BestColleges.com,High,Michellen Meneses <58825601.fjbv>,Complete,06-08-2016,06-17-2016,08-10-2016,,08-10-2016,10-26-2016,,"20,800","183,519","162,719","11,555.555555556",26,"15,227","3,671.4444444444",17,924,https://donniedinh.quickbase.com/db/bkmbxb9k6?a=API_GenAddRecordForm&_fid_27=924&z=bgfb,,Complete,07-29-2016,08-17-2016,10-27-2016,"10,784",-771.55555555555,26.96,7,,17.0250465,0.15787320567507%,0.064910979228487%,-10.0250465,6,"15,227"
925,RMI,942,BC-Top-Online-Computer-Science-Programs,BestColleges.com,High,Michellen Meneses <58825601.fjbv>,Complete,06-08-2016,06-17-2016,06-21-2016,,06-21-2016,11-02-2016,,"7,200","132,743","125,543","4,000",9,"5,043","1,043",16,925,https://donniedinh.quickbase.com/db/bkmbxb9k6?a=API_GenAddRecordForm&_fid_27=925&z=bgfb,,In Progress,07-29-2016,08-17-2016,,3513,-487,8.7825,5,,6.263661,0.17829948761742%,0.14232849416453%,-1.263661,5,5043
926,RMI,943,BC-Top-Online-Software-Engineering-Degree-Graduate-Programs,BestColleges.com,High,Michellen Meneses <58825601.fjbv>,Complete,06-08-2016,06-17-2016,07-01-2016,,07-01-2016,11-02-2016,,"3,200","135,201","132,001","1,777.7777777778",4,"2,153",375.22222222222,16,926,https://donniedinh.quickbase.com/db/bkmbxb9k6?a=API_GenAddRecordForm&_fid_27=926&z=bgfb,,In Progress,07-29-2016,08-17-2016,,1336,-441.77777777778,3.34,1,,1.96077325,0.14676446482036%,0.074850299401198%,-0.96077325,1,2153
927,RMI,944,BC-Best-Online-Masters-Educational-Leadership-Programs,BestColleges.com,High,Michellen Meneses <58825601.fjbv>,Complete,06-08-2016,06-17-2016,07-01-2016,,07-01-2016,11-02-2016,,"3,200","86,551","83,351","1,777.7777777778",4,"2,664",886.22222222222,12,927,https://donniedinh.quickbase.com/db/bkmbxb9k6?a=API_GenAddRecordForm&_fid_27=927&z=bgfb,,In Progress,07-29-2016,08-17-2016,,1386,-391.77777777778,3.465,2,,2.03436975,0.14677992424242%,0.14430014430014%,-0.03436975,2,2664
928,RMI,945,BC-Top-Christian-Colleges,BestColleges.com,High,Michellen Meneses <58825601.fjbv>,Complete,06-08-2016,06-17-2016,07-05-2016,,07-05-2016,11-02-2016,,"3,200","40,099","36,899","1,777.7777777778",4,"3,007","1,229.2222222222",7,928,https://donniedinh.quickbase.com/db/bkmbxb9k6?a=API_GenAddRecordForm&_fid_27=928&z=bgfb,,Complete,07-29-2016,08-17-2016,11-04-2016,2528,750.22222222222,6.32,7,,3.6835805,0.1457112539557%,0.27689873417722%,3.3164195,6,3007
929,RMI,946,BC-Best-Online-Graphic-Design-Programs,BestColleges.com,High,Michellen Meneses <58825601.fjbv>,Complete,06-08-2016,06-17-2016,07-13-2016,,07-13-2016,08-17-2016,,"2,400","18,524","16,124","1,333.3333333333",3,"2,267",933.66666666667,4,929,https://donniedinh.quickbase.com/db/bkmbxb9k6?a=API_GenAddRecordForm&_fid_27=929&z=bgfb,,Complete,07-29-2016,08-18-2016,08-18-2016,2034,700.66666666667,5.085,5,,3.837141,0.18865%,0.24582104228122%,1.162859,4,2267
930,RMI,947,BC-Top-Mfa-Programs,BestColleges.com,High,Michellen Meneses <58825601.fjbv>,In Progress,06-08-2016,06-24-2016,07-14-2016,,07-14-2016,,,"2,400","18,627","16,227","1,333.3333333333",3,0,"-1,333.3333333333",2,930,https://donniedinh.quickbase.com/db/bkmbxb9k6?a=API_GenAddRecordForm&_fid_27=930&z=bgfb,,Not Started,08-05-2016,,,0,"-1,333.3333333333",0,0,,0,,,0,0,0
931,RMI,948,BC-Top-Online-Substance-Abuse-Counseling-Programs,BestColleges.com,High,Michellen Meneses <58825601.fjbv>,Complete,06-08-2016,06-24-2016,07-15-2016,,07-15-2016,10-15-2016,,"2,400","17,266","14,866","1,333.3333333333",3,"1,504",170.66666666667,3,931,https://donniedinh.quickbase.com/db/bkmbxb9k6?a=API_GenAddRecordForm&_fid_27=931&z=bgfb,,In Progress,08-05-2016,08-26-2016,,0,"-1,333.3333333333",0,2,,0,,,2,2,1504
932,RMI,949,BC-Top-Online-Business-Administration-Programs,BestColleges.com,High,Michellen Meneses <58825601.fjbv>,Complete,06-08-2016,,08-24-2016,,08-24-2016,11-21-2016,,"23,200","240,324","217,124","12,888.888888889",29,"15,157","2,268.1111111111",23,932,https://donniedinh.quickbase.com/db/bkmbxb9k6?a=API_GenAddRecordForm&_fid_27=932&z=bgfb,,In Progress,08-05-2016,08-26-2016,,7834,"-5,054.8888888889",19.585,10,,13.37428625,0.17072103969875%,0.12764871074802%,-3.37428625,9,"15,157"
933,RMI,950,BC-Best-Online-Bachelors-Information-Technology-Programs,BestColleges.com,High,Michellen Meneses <58825601.fjbv>,Complete,06-08-2016,,09-01-2016,,09-01-2016,11-10-2016,,"3,200","25,206","22,006","1,777.7777777778",4,"2,389",611.22222222222,4,933,https://donniedinh.quickbase.com/db/bkmbxb9k6?a=API_GenAddRecordForm&_fid_27=933&z=bgfb,,In Progress,08-05-2016,09-05-2016,,1094,-683.77777777778,2.735,4,,1.7127445,0.15655799817185%,0.3656307129799%,2.2872555,4,2389
934,RMI,951,BC-Best-Online-Masters-School-Counseling-Programs,BestColleges.com,High,Michellen Meneses <58825601.fjbv>,Complete,06-08-2016,,08-25-2016,,08-25-2016,11-16-2016,,"6,400","28,988","22,588","3,555.5555555556",8,"4,425",869.44444444444,6,934,https://donniedinh.quickbase.com/db/bkmbxb9k6?a=API_GenAddRecordForm&_fid_27=934&z=bgfb,,In Progress,08-05-2016,08-26-2016,,1907,"-1,648.5555555556",4.7675,3,,3.545113,0.1859%,0.15731515469324%,-0.545113,2,4425
935,RMI,952,BC-Top-Masters-In-Nutrition-Online-Programs,BestColleges.com,High,Michellen Meneses <58825601.fjbv>,Complete,06-08-2016,,08-24-2016,,08-24-2016,11-10-2016,,"8,000","38,915","30,915","4,444.4444444444",10,"5,166",721.55555555556,6,935,https://donniedinh.quickbase.com/db/bkmbxb9k6?a=API_GenAddRecordForm&_fid_27=935&z=bgfb,,Complete,08-05-2016,08-26-2016,11-11-2016,4036,-408.44444444444,10.09,4,,7.01484725,0.17380691897919%,0.099108027750248%,-3.01484725,3,5166
936,RMI,953,BC-Top-Online-Hospitality-Management-Programs,BestColleges.com,High,Michellen Meneses <58825601.fjbv>,Complete,06-08-2016,,09-01-2016,,09-01-2016,11-21-2016,,"7,200","74,253","67,053","4,000",9,"5,318","1,318",7,936,https://donniedinh.quickbase.com/db/bkmbxb9k6?a=API_GenAddRecordForm&_fid_27=936&z=bgfb,,In Progress,08-12-2016,09-05-2016,,2125,"-1,875",5.3125,3,,3.87546875,0.182375%,0.14117647058824%,-0.87546875,3,5318
937,RMI,954,BC-Top-Online-Masters-Social-Work-Programs,BestColleges.com,High,Michellen Meneses <58825601.fjbv>,Complete,06-08-2016,,09-01-2016,,09-01-2016,11-10-2016,,"3,200","13,486","10,286","1,777.7777777778",4,"2,283",505.22222222222,3,937,https://donniedinh.quickbase.com/db/bkmbxb9k6?a=API_GenAddRecordForm&_fid_27=937&z=bgfb,,In Progress,08-12-2016,09-05-2016,,807,-970.77777777778,2.0175,5,,1.47176625,0.182375%,0.61957868649318%,3.52823375,5,2283
938,RMI,955,BC-Best-Online-Paralegal-Programs,BestColleges.com,High,Michellen Meneses <58825601.fjbv>,Complete,06-08-2016,,09-01-2016,,09-01-2016,11-24-2016,,"22,400","122,137","99,737","12,444.444444444",28,"14,684","2,239.5555555556",13,938,https://donniedinh.quickbase.com/db/bkmbxb9k6?a=API_GenAddRecordForm&_fid_27=938&z=bgfb,,In Progress,08-12-2016,09-05-2016,,6980,"-5,464.4444444444",17.45,2,,12.729775,0.182375%,0.02865329512894%,-10.729775,2,"14,684"
939,RMI,956,BC-Best-Online-Masters-Counseling-Programs,BestColleges.com,High,Michellen Meneses <58825601.fjbv>,Complete,06-08-2016,,08-25-2016,,08-25-2016,11-16-2016,,"6,400","19,256","12,856","3,555.5555555556",8,"4,370",814.44444444444,3,939,https://donniedinh.quickbase.com/db/bkmbxb9k6?a=API_GenAddRecordForm&_fid_27=939&z=bgfb,,In Progress,08-12-2016,08-26-2016,,2104,"-1,451.5555555556",5.26,4,,3.911336,0.1859%,0.19011406844106%,0.088664,1,4370
940,RMI,957,BC-Top-Online-Masters-Human-Resources-Programs,BestColleges.com,High,Michellen Meneses <58825601.fjbv>,Complete,06-08-2016,,09-01-2016,,09-01-2016,11-07-2016,,"3,200","13,480","10,280","1,777.7777777778",4,"2,158",380.22222222222,2,940,https://donniedinh.quickbase.com/db/bkmbxb9k6?a=API_GenAddRecordForm&_fid_27=940&z=bgfb,,In Progress,08-12-2016,09-05-2016,,988,-789.77777777778,2.47,5,,1.801865,0.182375%,0.50607287449393%,3.198135,5,2158
941,RMI,958,ACCTG-Best-Associate-In-Accounting-Programs,Accounting.com,High,Michellen Meneses <58825601.fjbv>,Complete,06-08-2016,07-08-2016,07-16-2016,,07-18-2016,11-15-2016,,"4,000","24,689","20,689","2,222.2222222222",5,"2,665",442.77777777778,4,941,https://donniedinh.quickbase.com/db/bkmbxb9k6?a=API_GenAddRecordForm&_fid_27=941&z=bgfb,,In Progress,08-19-2016,09-08-2016,,1696,-526.22222222222,4.24,1,,3.011248,0.17755%,0.058962264150943%,-2.011248,1,2665
942,RMI,959,ACCTG-Best-Online-Associate-In-Accounting-Programs,Accounting.com,High,Michellen Meneses <58825601.fjbv>,In Progress,06-08-2016,,09-06-2016,,09-06-2016,,,"2,400",223,"-2,177","1,333.3333333333",3,"1,198",-135.33333333333,2,942,https://donniedinh.quickbase.com/db/bkmbxb9k6?a=API_GenAddRecordForm&_fid_27=942&z=bgfb,,In Progress,08-19-2016,09-08-2016,,1002,-331.33333333333,2.505,0,,1.779051,0.17755%,0%,-1.779051,0,1198
943,RMI,960,ACCTG-Best-Bachelors-In-Accounting-Programs,Accounting.com,High,Michellen Meneses <58825601.fjbv>,In Progress,06-08-2016,,09-06-2016,,09-06-2016,,,"2,400",226,"-2,174","1,333.3333333333",3,"1,203",-130.33333333333,2,943,https://donniedinh.quickbase.com/db/bkmbxb9k6?a=API_GenAddRecordForm&_fid_27=943&z=bgfb,,In Progress,08-19-2016,09-08-2016,,997,-336.33333333333,2.4925,0,,1.7701735,0.17755%,0%,-1.7701735,0,1203
944,RMI,961,ACCTG-Best-Online-Bachelors-In-Accounting-Programs,Accounting.com,High,Michellen Meneses <58825601.fjbv>,In Progress,06-08-2016,,09-06-2016,,09-06-2016,,,"2,400",390,"-2,010","1,333.3333333333",3,"1,258",-75.333333333333,2,944,https://donniedinh.quickbase.com/db/bkmbxb9k6?a=API_GenAddRecordForm&_fid_27=944&z=bgfb,,In Progress,08-19-2016,09-08-2016,,944,-389.33333333333,2.36,0,,1.676072,0.17755%,0%,-1.676072,0,1258
945,RMI,962,ACCTG-Most-Affordable-Online-Bachelors-In-Accounting-Programs,Accounting.com,High,Michellen Meneses <58825601.fjbv>,In Progress,06-08-2016,,09-06-2016,,09-06-2016,,,"2,400",218,"-2,182","1,333.3333333333",3,"1,198",-135.33333333333,2,945,https://donniedinh.quickbase.com/db/bkmbxb9k6?a=API_GenAddRecordForm&_fid_27=945&z=bgfb,,In Progress,08-19-2016,09-08-2016,,1004,-329.33333333333,2.51,0,,1.782602,0.17755%,0%,-1.782602,0,1198
946,RMI,963,ACCTG-Best-Masters-In-Accounting-Programs,Accounting.com,High,Michellen Meneses <58825601.fjbv>,In Progress,06-08-2016,,09-06-2016,,09-06-2016,,,"2,400",363,"-2,037","1,333.3333333333",3,"1,248",-85.333333333333,2,946,https://donniedinh.quickbase.com/db/bkmbxb9k6?a=API_GenAddRecordForm&_fid_27=946&z=bgfb,,In Progress,08-19-2016,09-08-2016,,1012,-321.33333333333,2.53,2,,1.796806,0.17755%,0.19762845849802%,0.203194,1,1248
947,RMI,964,ACCTG-Best-Online-Masters-In-Accounting-Programs,Accounting.com,High,Michellen Meneses <58825601.fjbv>,In Progress,06-08-2016,,09-06-2016,,09-06-2016,,,"2,400",588,"-1,812","1,333.3333333333",3,"1,328",-5.3333333333333,2,947,https://donniedinh.quickbase.com/db/bkmbxb9k6?a=API_GenAddRecordForm&_fid_27=947&z=bgfb,,In Progress,08-19-2016,09-08-2016,,952,-381.33333333333,2.38,0,,1.690276,0.17755%,0%,-1.690276,0,1328
948,RMI,965,RN2BSN-Best-Online-Rn-To-Bsn-Programs,RntoBsn.org,High,Michellen Meneses <58825601.fjbv>,Complete,06-08-2016,07-08-2016,07-18-2016,,07-18-2016,12-06-2016,,"16,000","176,721","160,721","8,888.8888888889",20,"13,323","4,434.1111111111",19,948,https://donniedinh.quickbase.com/db/bkmbxb9k6?a=API_GenAddRecordForm&_fid_27=948&z=bgfb,,In Progress,08-19-2016,09-15-2016,,5465,"-3,423.8888888889",13.6625,5,,9.536425,0.1745%,0.09149130832571%,-4.536425,5,"13,323"
949,RMI,966,RN2BSN-Best-Hybrid-Rn-To-Bsn-Programs,RntoBsn.org,High,Michellen Meneses <58825601.fjbv>,Complete,06-08-2016,,09-14-2016,,09-14-2016,09-14-2016,,"12,000",0,"-12,000","6,666.6666666667",15,"8,204","1,537.3333333333",1,949,https://donniedinh.quickbase.com/db/bkmbxb9k6?a=API_GenAddRecordForm&_fid_27=949&z=bgfb,,Complete,08-19-2016,09-15-2016,09-15-2016,6372,-294.66666666667,15.93,10,,11.11914,0.1745%,0.15693659761456%,-1.11914,4,8204
950,RMI,967,RN2BSN-Best-Campus-Rn-To-Bsn-Programs,RntoBsn.org,High,Michellen Meneses <58825601.fjbv>,Complete,06-08-2016,,09-14-2016,,09-14-2016,09-14-2016,,"12,000",0,"-12,000","6,666.6666666667",15,"8,204","1,537.3333333333",1,950,https://donniedinh.quickbase.com/db/bkmbxb9k6?a=API_GenAddRecordForm&_fid_27=950&z=bgfb,,Complete,08-26-2016,09-15-2016,09-15-2016,6327,-339.66666666667,15.8175,8,,11.040615,0.1745%,0.12644223170539%,-3.040615,6,8204
951,RMI,968,MAC-HP,MedicalAssistantCertification.org,High,Michellen Meneses <58825601.fjbv>,Complete,06-08-2016,07-08-2016,07-19-2016,,07-19-2016,12-01-2016,,"12,000","74,790","62,790","6,666.6666666667",15,"11,605","4,938.3333333333",10,951,https://donniedinh.quickbase.com/db/bkmbxb9k6?a=API_GenAddRecordForm&_fid_27=951&z=bgfb,,In Progress,08-26-2016,09-22-2016,,4735,"-1,931.6666666667",11.8375,8,,7.9855775,0.16865%,0.168954593453%,0.0144225,8,"11,605"
952,RMI,969,PH-Master-Degree,PublicHealth.org,High,Michellen Meneses <58825601.fjbv>,Complete,06-08-2016,07-08-2016,07-21-2016,,07-21-2016,12-04-2016,,"16,000","78,506","62,506","8,888.8888888889",20,"11,211","2,322.1111111111",10,952,https://donniedinh.quickbase.com/db/bkmbxb9k6?a=API_GenAddRecordForm&_fid_27=952&z=bgfb,,In Progress,08-26-2016,09-22-2016,,3837,"-5,051.8888888889",9.5925,12,,6.4711005,0.16865%,0.312744331509%,5.5288995,12,"11,211"
953,RMI,970,OMBA-HP,OnlineMBA,High,Michellen Meneses <58825601.fjbv>,In Progress,06-08-2016,,09-21-2016,,09-21-2016,,,"91,200","129,524","38,324","50,666.666666667",114,"26,335","-24,331.666666667",10,953,https://donniedinh.quickbase.com/db/bkmbxb9k6?a=API_GenAddRecordForm&_fid_27=953&z=bgfb,,In Progress,09-02-2016,09-22-2016,,"14,025","-36,641.666666667",35.0625,8,,23.6531625,0.16865%,0.057040998217469%,-15.6531625,6,"26,335"
954,RMI,971,PSY-Master-Degree,Psychology.org,High,Michellen Meneses <58825601.fjbv>,Complete,06-08-2016,,09-27-2016,,09-27-2016,11-09-2016,,"26,400",9568,"-16,832","14,666.666666667",33,"17,851","3,184.3333333333",2,954,https://donniedinh.quickbase.com/db/bkmbxb9k6?a=API_GenAddRecordForm&_fid_27=954&z=bgfb,,In Progress,09-09-2016,09-28-2016,,"12,828","-1,838.6666666667",32.07,9,,21.634422,0.16865%,0.070159027128157%,-12.634422,8,"17,851"
955,RMI,972,CJ-HP,CriminalJustice.com,High,Michellen Meneses <58825601.fjbv>,Complete,06-08-2016,07-08-2016,07-19-2016,,07-19-2016,09-27-2016,,"11,600",7135,"-4,465","6,444.4444444444",29,"8,534","2,089.5555555556",2,955,https://donniedinh.quickbase.com/db/bkmbxb9k6?a=API_GenAddRecordForm&_fid_27=955&z=bgfb,,Complete,09-09-2016,09-28-2016,09-28-2016,6007,-437.44444444444,30.035,24,,20.261611,0.3373%,0.39953387714333%,3.738389,21,8534
956,RMI,973,MBAC-HP,MedicalBillingandCoding.org,High,Michellen Meneses <58825601.fjbv>,In Progress,06-08-2016,07-08-2016,07-22-2016,,07-22-2016,,,"18,000","10,644","-7,356","10,000",45,"8,891","-1,109",3,956,https://donniedinh.quickbase.com/db/bkmbxb9k6?a=API_GenAddRecordForm&_fid_27=956&z=bgfb,,In Progress,09-09-2016,09-28-2016,,6498,"-3,502",32.49,4,,21.917754,0.3373%,0.061557402277624%,-17.917754,4,8891
